Year,Race,mean,sex,gender_mean,year1,Unemploy,year2
2018,Whites,2735.714,male,2704.6827,2018,3.805754,2018
2019,Whites,2636.112,male,2097.5065,2019,3.451452,2019
2020,Whites,2603.66,male,2391.5799,2020,3.184723,2020
2018,Blacks,1963.285,male,2321.5901,2021,2.990021,2021
2019,Blacks,1796.69,male,2328.1066,2022,2.845611,2022
2020,Blacks,1808.08,female,1672.656,2018,,
2018,American Indian,2209.224,female,1948.803,2019,,
2019,American Indian,2129.658,female,1607.044,2020,,
2020,American Indian,2104.084,female,1749.507,2021,,
2018,Asian,2123.79,female,1611.062,2022,,
2019,Asian,2162.898,,,,,
2020,Asian,2349.654,,,,,
2018,Native Hawaiian,1668.979,,,,,
2019,Native Hawaiian,1754.709,,,,,
2020,Native Hawaiian,1854.058,,,,,
2018,Two or more  races,2269.647,,,,,
2019,Two or more  races,2090.901,,,,,
2020,Two or more  races,2128.06,,,,,
